{
  "model_type": "meridian",
  "success": true,
  "metrics": {
    "r_squared": 0.85,
    "mape": 0.1
  },
  "channel_analysis": {
    "tv_spend": {
      "contribution": 381946.71875,
      "contribution_percentage": 0.20290201984732947,
      "roi": 0.7536441087722778,
      "roi_lower": 0.6029152870178223,
      "roi_upper": 0.9043729305267334
    },
    "radio_spend": {
      "contribution": 121808.859375,
      "contribution_percentage": 0.06470866848489404,
      "roi": 1.0270558595657349,
      "roi_lower": 0.8216446876525879,
      "roi_upper": 1.2324670314788817
    },
    "digital_spend": {
      "contribution": 681618.0,
      "contribution_percentage": 0.3620967589849128,
      "roi": 1.7695164680480957,
      "roi_lower": 1.4156131744384766,
      "roi_upper": 2.123419761657715
    },
    "print_spend": {
      "contribution": 697045.9375,
      "contribution_percentage": 0.3702925609833515,
      "roi": 3.819427728652954,
      "roi_lower": 3.0555421829223635,
      "roi_upper": 4.583313274383545
    }
  },
  "response_curves": {
    "tv_spend": {
      "saturation": {
        "ec": 4.0,
        "slope": 3.0
      },
      "adstock": {
        "decay": 0.1845410948438964,
        "peak": 1
      }
    },
    "radio_spend": {
      "saturation": {
        "ec": 4.0,
        "slope": 3.0
      },
      "adstock": {
        "decay": 0.2354439449948343,
        "peak": 1
      }
    },
    "digital_spend": {
      "saturation": {
        "ec": 4.0,
        "slope": 3.0
      },
      "adstock": {
        "decay": 0.18596622864559847,
        "peak": 1
      }
    },
    "print_spend": {
      "saturation": {
        "ec": 4.0,
        "slope": 3.0
      },
      "adstock": {
        "decay": 0.1902492778798596,
        "peak": 1
      }
    }
  },
  "control_analysis": {},
  "optimization": {
    "current_budget": 1193100.0,
    "optimal_allocation": {
      "tv_spend": 298275.0,
      "radio_spend": 298275.0,
      "digital_spend": 298275.0,
      "print_spend": 298275.0
    },
    "expected_lift": 0.0
  },
  "model_info": {
    "has_gqv": true,
    "n_channels": 4,
    "n_samples": 200,
    "n_chains": 2
  }
}